jobId,company,jobTitle,location,openings,season,year,cycle
362466,Rural Fetal Alcohol Spectrum Disorder Support Network of Eastern Ontario,Mobile Application Designer,Smiths Falls,1,Fall,2024,1
362527,Persona,Software Engineering Intern,San Francisco,3,Fall,2024,1
362591,King's Christian Collegiate,Lab Assistant,Oakville,1,Fall,2024,1
362705,St Joseph's Healthcare Hamilton,Research Assistant,Hamilton,1,Fall,2024,1
362718,HTS Engineering Ltd,Engineering Sales Assistant,,5,Fall,2024,1
362720,DEMATIC,Translation and CCMS Associate Administrator,Waterloo,1,Fall,2024,1
362721,DEMATIC,DITA CCMS Associate Administrator,Waterloo,1,Fall,2024,1
362738,ADSTRA SYSTEMS INC,Bilingual Software Support / Junior .NET Developer,Toronto,1,Fall,2024,1
362791,Bloomberg,Software Engineering Intern,New York,10,Fall,2024,1
362803,NXP Semiconductors,AI/ML and Embedded Software Developer Intern,Ottawa,1,Fall,2024,1
362893,WGD Consulting Inc,"Assistant, Cybersecurity",Toronto,1,Fall,2024,1
362904,WGD Consulting Inc,"Assistant, Systems Integration",Toronto,1,Fall,2024,1
362910,Crypto4a,Student Software Developer,Ottawa,1,Fall,2024,1
362937,York Region Educational Services,Project Coordinator - Volunteer Coordinator,Markham,3,Fall,2024,1
362939,Strategic Materials Inc,Laboratory Sampling Technician,Guelph,1,Fall,2024,1
362942,York Region Educational Services,Marketing Coordinator - Web Developer,Markham,1,Fall,2024,1
363009,Polaris Intelligence Inc,QA Developer Marketing and Analytics Platform,Toronto,1,Fall,2024,1
363012,Polaris Intelligence Inc,Software - Full Stack Developer Marketing and Analytics Platform,Toronto,1,Fall,2024,1
363057,Miltera Machining Research Corp,Applications Engineering Intern,Cambridge,1,Fall,2024,1
363087,Augmenta Inc,Computational Software Engineering,Toronto,2,Fall,2024,1
363160,Christie Digital Systems Innovations ULC,Software Engineering Co-op (Projector),Kitchener,1,Fall,2024,1
363164,Christie Digital Systems Innovations ULC,Application Software Developer (C++ Development) Co-op,Kitchener,1,Fall,2024,1
363247,Marsh And McLennan Companies Inc,Software Developer,Toronto,3,Fall,2024,1
363299,Shakudo Inc,Backend Software Engineering,Toronto,2,Fall,2024,1
363304,Solid Ultrabattery Inc,Battery Development Intern,Guelph,1,Fall,2024,1
363663,University of Waterloo,Library Student Engagement & Communications Assistant,Waterloo,1,Fall,2024,1
363678,Christie Digital Systems Innovations ULC,Software Test Engineering Coop (Display Engineering/MicroTiles LED),Kitchener,1,Fall,2024,1
363700,Mastercard Foundation,Technical Support Analyst,Toronto,1,Fall,2024,1
363727,Unity Health Toronto ,Software Engineering Intern,Toronto,1,Fall,2024,1
363732,BBA Inc,Consulting Engineering - Extractive Metallurgy,Mont-Saint-Hilaire,1,Fall,2024,1
363735,Christie Digital Systems Innovations ULC,Software Engineering (Advanced Research) Co-op,Kitchener,2,Fall,2024,1
363740,Christie Digital Systems Innovations ULC,Software Engineering Co-op (Projection Mapping/C++ Developer),Kitchener,3,Fall,2024,1
363783,Saccade Analytics Inc,Front End Web and Vizs Developer,Toronto,1,Fall,2024,1
363880,Christie Digital Systems Innovations ULC,Software Engineering / Data Science Co-op (Display Engineering/MicroTiles LED),Kitchener,1,Fall,2024,1
363891,NuraLogix Corporation,Data Science Software Developer,Toronto,1,Fall,2024,1
363893,NuraLogix Corporation,Front-end JavaScript/React Developer,Toronto,1,Fall,2024,1
363897,ZeMind Game Studio Ltd,Mobile Game/VR/App Developer,Toronto,3,Fall,2024,1
363937,Solace Corporation,Junior Software Engineering Datapath Co-op,Kanata,1,Fall,2024,1
363987,University of Waterloo,Marketing and Recruitment Associate,Waterloo,1,Fall,2024,1
363988,Together Software Inc,Full Stack Software Engineering,Toronto,2,Fall,2024,1
364009,D2L,Software Developer Co-op,Kitchener,3,Fall,2024,1
364012,D2L,Test Developer Co-op,Kitchener,3,Fall,2024,1
364080,Opal,Software Engineering Intern,,4,Fall,2024,1
364090,NuraLogix Corporation,QA Developer,Toronto,1,Fall,2024,1
364092,University of Waterloo,Graphic Designer,Waterloo,1,Fall,2024,1
364106,Seismic Software Inc,Software Engineering,Toronto,1,Fall,2024,1
364114,Solinst Canada Ltd,Computer Engineering,Georgetown,1,Fall,2024,1
364116,Get ResQ Ltd,Software Engineering,Toronto,4,Fall,2024,1
364129,Texas Instruments Inc,Software Engineering,Toronto,2,Fall,2024,1
364131,University of Waterloo,"Advancement Web Development, Analytics, Digital Media and Events",Waterloo,1,Fall,2024,1
364145,Kinectrics Inc,Laboratory Technician,Etobicoke,1,Fall,2024,1
364149,University of Waterloo,MME Software Developer,Waterloo,1,Fall,2024,1
364166,Digital Extremes,Programming,London,1,Fall,2024,1
364218,RBC Financial Group,"2024 Fall Student Opportunities Capital Markets, QTS - Software Developer, 4-8 Months",Toronto,1,Fall,2024,1
364222,RBC Financial Group,"2024 Fall Student Opportunities Borealis AI - Machine Learning Software Engineering, 4 Months",Toronto,1,Fall,2024,1
364225,RBC Financial Group,Cyber Security Analyst - 2024 Fall Student Opportunities Technology & Operations,Toronto,1,Fall,2024,1
364230,RBC Financial Group,Software Developer - 2024 Fall Student Opportunities Technology & Operations,Toronto,1,Fall,2024,1
364236,RBC Financial Group,Technical Systems Analyst - 2024 Fall Student Opportunities Technology & Operations,Toronto,1,Fall,2024,1
364246,Babylist Inc,Data Engineering,Oakland,1,Fall,2024,1
364259,TradableBits Media inc,Full Stack Web Developer (Software Engineering),Vancouver,2,Fall,2024,1
364270,University of Waterloo,Laboratory Research Assistant,Waterloo,3,Fall,2024,1
364312,Geotab Inc,"Firmware Release Intern (Fall/September 2024, 8 Months)",Oakville,1,Fall,2024,1
364316,National University of Singapore,Application Developer,Singapore,2,Fall,2024,1
364317,National University of Singapore,Research Assistant - Blended Learning,Singapore,1,Fall,2024,1
364324,National University of Singapore,Research Assistant - Digital Products and Platforms Practices,Singapore,1,Fall,2024,1
364329,Draftaid Inc,Assistant Software Engineering,Oakville,1,Fall,2024,1
364348,Geotab Inc,"Data Platform Developer Intern (Fall/September 2024, 8 Months)",Oakville,1,Fall,2024,1
364434,The Globe and Mail,Data Engineering,Toronto,1,Fall,2024,1
364450,Squint Inc,Software Engineering,San Jose,2,Fall,2024,1
364460,Ontario Ministry of the Attorney General,Project Assistant,Toronto,2,Fall,2024,1
364479,Maxon Computer,Software Developer (Build and Automation),Waterloo,1,Fall,2024,1
364505,Digital Extremes,Web Developer,London,1,Fall,2024,1
364513,Solace Corporation,Software Developer C++ Config team,Kanata,1,Fall,2024,1
364547,Pragmatica Inc,Software Development Engineering Intern,Mississauga,1,Fall,2024,1
364592,Geotab Inc,"Solutions Engineering Intern (Fall/September 2024, 4 Months)",Oakville,3,Fall,2024,1
364595,Environment and Climate Change Canada,Laboratory Assistant - CAPMoN,Toronto,1,Fall,2024,1
364596,Geotab Inc,"Solutions Engineering GIS Specialist Intern (Fall/September 2024, 4 Months)",Oakville,1,Fall,2024,1
364638,Verkada Inc,Product Design Mechanical Engineering,San Mateo,2,Fall,2024,1
364646,The Hospital for Sick Children,Research Student - Genomics,Toronto,1,Fall,2024,1
364694,Castleton Commodities International LLC,Software Developer/Engineering - Natural Gas Trading,Calgary,1,Fall,2024,1
364747,Ontario Science Centre,Research Analyst,Toronto,2,Fall,2024,1
364757,Owens Corning Canada,Engineering Maintenance Student,Scarborough,1,Fall,2024,1
364770,Tangam Systems Inc,Software Developer / Analyst,Waterloo,1,Fall,2024,1
364782,Harvard University,Mechatronics Engineering Co-op - Flying Drones into Whales @ Harvard Microrobotics Lab,Allston,1,Fall,2024,1
364783,Harvard University,Embedded Software / Electrical Engineering Co-op - Flying Drones into Whales @ Harvard Microrobotics Lab,Allston,1,Fall,2024,1
364812,Forum Asset Management,Software Development Intern,Toronto,1,Fall,2024,1
364824,George Weston Ltd,"Co-Op Analyst, Information Technology",Toronto,1,Fall,2024,1
364850,Ontario Ministry of Education,IT QA Assistant,Toronto,1,Fall,2024,1
364856,Cube Group Inc,Backend Engineering,Chicago,2,Fall,2024,1
364858,Solace Corporation,Home Cloud Infrastructure- Software Developer,Kanata,1,Fall,2024,1
364906,Maxon Computer,Software Developer (Animation and Visual Effects),Waterloo,1,Fall,2024,1
364908,Verily,Software Developer,Kitchener,3,Fall,2024,1
365035,Iron Focus Design Inc,Machine Designer,Kitchener,1,Fall,2024,1
365238,The Regional Municipality of York,"(GIS) Data, Analytics and Solutions Analyst",Newmarket,2,Fall,2024,1
365244,Taymer Industries Inc,"Machine Vision Co-op, Senior",Markham,1,Fall,2024,1
365252,Taymer Industries Inc,Machine Vision Co-op,Markham,1,Fall,2024,1
365291,Meta,Software Engineering Intern,,25,Fall,2024,1
365304,Bulk Barn Foods Limited,Bilingual (English/French) Help Desk Technician,Aurora,1,Fall,2024,1
365357,Side Effects Software Inc,3D Software Developer,Toronto,5,Fall,2024,1
365360,Side Effects Software Inc,CG Pipeline Software Developer,Toronto,5,Fall,2024,1
365371,Ultimate Kronos Group,Software Developer,Toronto,6,Fall,2024,1
365404,Kardium,Biomedical Engineering (Human Factors),Burnaby,1,Fall,2024,1
365415,Kardium,Electrical Test Engineering,Burnaby,1,Fall,2024,1
365472,Wrmth,Software Developer / QA Engineering Co-op,North Bay,1,Fall,2024,1
365479,Wrmth,App Developer,North Bay,1,Fall,2024,1
365483,Wrmth,Embedded Firmware / Software Intern,North Bay,1,Fall,2024,1
365504,Signiant,Full-Stack Developer (Cloud Applications),Kanata,3,Fall,2024,1
365505,SPS Commerce Inc,"Software Engineering Intern (PACA, DE)",Brampton,2,Fall,2024,1
365506,Signiant,Core C++ GO Developer,Kanata,1,Fall,2024,1
365529,Equitable Life of Canada,Software Solutions Developer,Waterloo,1,Fall,2024,1
365533,Equitable Life of Canada,Software Solutions Developer,Waterloo,1,Fall,2024,1
365539,Equitable Life of Canada,Technical Writer,Waterloo,1,Fall,2024,1
365545,Relay Financial Technologies Inc,Full Stack Engineering,Toronto,5,Fall,2024,1
365547,Relay Financial Technologies Inc,Site Reliability Engineering,Toronto,1,Fall,2024,1
365548,Relay Financial Technologies Inc,Mobile Engineering,Toronto,2,Fall,2024,1
365549,Relay Financial Technologies Inc,Security Developer,Toronto,1,Fall,2024,1
365550,Relay Financial Technologies Inc,QA Automation Engineering,Toronto,1,Fall,2024,1
365568,Genesys,"Software Developer, Test (QM Recording)",North York,1,Fall,2024,1
365570,Genesys,Software Engineering in Test (Agent Development),North York,1,Fall,2024,1
365592,Genesys,"Software Developer, Test",North York,2,Fall,2024,1
365599,"Innovation, Science and Economic Development Canada",Research and Development Assistant,Ottawa,15,Fall,2024,1
365606,Natural Resources Canada,Software Developer,Ottawa,1,Fall,2024,1
365631,BitGo,Software Engineering Intern,Palo Alto,19,Fall,2024,1
365642,Geotab Inc,"Vehicle System Engineering Intern (Fall/Sept 2024, 4-8 Months)",Kitchener,2,Fall,2024,1
365653,Intel Corporation,Compiler Engineering Co-op,North York,1,Fall,2024,1
365663,Redstone Foods Ltd,QA / R&D Assistant,Mississauga,1,Fall,2024,1
365687,Norwegian University of Science and Technology,Programmer/Software Developer in Artificial Intelligence Research,Oslo,2,Fall,2024,1
365705,Titanium Agency,Software Engineering - Google Cloud Platform,Waterloo,3,Fall,2024,1
365719,Oracle Corporation,Software Developer Co-Op - Enterprise Resource Planning,Kitchener,2,Fall,2024,1
365726,University of Waterloo,Microbiology Technician,Waterloo,2,Fall,2024,1
365746,Untether AI,Technical/Product Marketing Intern,Toronto,1,Fall,2024,1
365783,Cerebras Systems,Machine Learning Automation Developer,Toronto,1,Fall,2024,1
365785,Cerebras Systems,Machine Learning Runtime Engineering,Toronto,1,Fall,2024,1
365786,Cerebras Systems,Machine Learning Framework Engineering,Toronto,1,Fall,2024,1
365789,Cerebras Systems,Kernel Engineering,Toronto,1,Fall,2024,1
365796,Omniscient Neurotechnology Canada Ltd,Systems Engineering,Toronto,2,Fall,2024,1
365801,Omniscient Neurotechnology Canada Ltd,Quality Systems Engineering,Toronto,1,Fall,2024,1
365804,SPS Commerce Inc,Software Engineering Intern (SAF),Brampton,1,Fall,2024,1
365807,Omniscient Neurotechnology Canada Ltd,Quality Engineering,Toronto,1,Fall,2024,1
365830,Axelar Inc,Blockchain Developer,Victoria,1,Fall,2024,1
365834,AltaML Inc,Associate Machine Learning Developer,,8,Fall,2024,1
365837,AltaML Inc,Associate Business Solutions Consultant,,2,Fall,2024,1
365851,Geotab Inc,System Verification Intern,Oakville,3,Fall,2024,1
365920,Ontario Ministry of Finance,Database Programmer,Toronto,1,Fall,2024,1
365942,OLEO Energies Inc,Laboratory Associate,Niagara Falls,1,Fall,2024,1
365948,N Harris Computer Corporation,Cybersecurity Co-op,Seattle,1,Fall,2024,1
365959,N Harris Computer Corporation,AI / ML Intern,Seattle,1,Fall,2024,1
365984,AlertDriving,Software Quality Assurance Engineering,North York,1,Fall,2024,1
365997,University of Waterloo,Information Systems Support,Waterloo,1,Fall,2024,1
366014,"High Q Technologies, LP",Software Developer,Waterloo,1,Fall,2024,1
366050,BetterUp,Software Engineering Intern,San Francisco,3,Fall,2024,1
366062,BetterUp,Machine Learning / Data Engineering,San Francisco,3,Fall,2024,1
366111,Zynga Inc,Machine Learning Engineering Intern (Analytics),Toronto,1,Fall,2024,1
366118,Zynga Inc,Software Engineering Intern (Zynga Poker),Toronto,1,Fall,2024,1
366122,Zynga Inc,Software Engineering Intern - Central Technology,Toronto,1,Fall,2024,1
366126,National Research Council Canada,"Co-op Student, Nanomaterial Hyperspectroscopy",Ottawa,1,Fall,2024,1
366132,Untether AI,SOC Design Engineering Intern,Toronto,1,Fall,2024,1
366134,University of Waterloo,Analytical Chemistry Lab/Lecture Assistant,Waterloo,1,Fall,2024,1
366136,University of Toronto,Laboratory Research Assistant - Reverse Osmosis Membranes,Toronto,4,Fall,2024,1
366137,Signal 1 AI Inc,Machine Learning Intern,Toronto,1,Fall,2024,1
366155,The Hospital for Sick Children,Research Assistant,Toronto,1,Fall,2024,1
366159,Tactic Studios Inc,Game Programmer,London,2,Fall,2024,1
366164,Boosted.ai,Software Engineering Co-op,Toronto,6,Fall,2024,1
366188,Colortech Incorporated,IT Assistant - Co-op,Brampton,1,Fall,2024,1
366191,PointClickCare,"Applications Analyst, Co-op",Mississauga,2,Fall,2024,1
366205,CondoWorks Inc,Software Developer,Richmond Hill,1,Fall,2024,1
366208,CondoWorks Inc,Operations and QA Analyst,Richmond Hill,1,Fall,2024,1
366231,Sonova,Software QA Analyst,Kitchener,1,Fall,2024,1
366236,AXQ Capital LP,Quantitative Developer,Jersey City,1,Fall,2024,1
366241,ATS Corporation,Software Developer (Digital Analytics),Cambridge,2,Fall,2024,1
366247,Connex Telecommunications Inc,Junior Developer (Co-op),Richmond Hill,3,Fall,2024,1
366269,PointClickCare,"Software Engineering, Co-op",Mississauga,1,Fall,2024,1
366271,Trend Micro Inc,Software Developer Co-op,Kanata,10,Fall,2024,1
366274,Trend Micro Inc,Vulnerability Research Intern,Toronto,1,Fall,2024,1
366276,Trend Micro Inc,Malware Research Intern,,1,Fall,2024,1
366280,PICCO Group of Companies,Intern Software Developer,Concord,1,Fall,2024,1
366283,ATS Corporation,Software Developer (SuperTrak),Cambridge,1,Fall,2024,1
366289,Microchip Technology Inc,Firmware Engineering Co-op,Ottawa,2,Fall,2024,1
366290,Invision AI,C++ Software Engineering,Toronto,1,Fall,2024,1
366293,Microchip Technology Inc,Analog Design Co-op,Ottawa,1,Fall,2024,1
366300,Microchip Technology Inc,Software Engineering Intern,Ottawa,1,Fall,2024,1
366304,ConSalt Inc,Full Stack Developer,Hamilton,1,Fall,2024,1
366305,Accedo,Connected TV Developer,Toronto,1,Fall,2024,1
366316,ReBlink,Software Engineering Intern,,1,Fall,2024,1
366327,Questenterprise Inc,IT & Cyber Risk and Control Analyst Intern,Toronto,1,Fall,2024,1
366347,Ecomtent Inc,Backend Software Engineering in AI,Toronto,1,Fall,2024,1
366353,University of Waterloo,Software Engineering Intern (Kùzu Inc.),Waterloo,2,Fall,2024,1
366354,NASDAQ,Ocean DevOps Engineering Intern,Toronto,1,Fall,2024,1
366376,Bank of America,Software Developer - Prime Brokerage Risk Team CO-OP | Fall 2024,Toronto,2,Fall,2024,1
366379,Ecomtent Inc,Full Stack Software Engineering in AI,Toronto,1,Fall,2024,1
366392,TD Bank Group,TD Invent - Enterprise Innovation - Software Developer Intern/Co-op,,2,Fall,2024,1
366395,Dozr (A Fairfax Company),Product Support Engineering Co-op,Kitchener,2,Fall,2024,1
366399,Justworks Canada Inc,Software Engineering Intern,Toronto,1,Fall,2024,1
366419,Untether AI,Compiler Software Engineering Intern,Toronto,1,Fall,2024,1
366422,Untether AI,Physical Allocation Software Engineering Intern,Toronto,1,Fall,2024,1
366423,Untether AI,Customer Engagement / NN Delivery Engineering Intern,Toronto,3,Fall,2024,1
366428,Untether AI,Systems Software Engineering Intern,Toronto,1,Fall,2024,1
366442,indie Semiconductor,Embedded and Host Software Developer,Thornhill,1,Fall,2024,1
366443,Snowflake Computing Inc,Software Engineering Intern,San Mateo,1,Fall,2024,1
366446,Scispot.io,Product & Customer Success Manager,Kitchener,1,Fall,2024,1
366452,PushPress Inc,Software Engineering Co-op,Claymont,1,Fall,2024,1
366454,Q-Block Computing Inc,Research Scientist (Intern),Edmonton,2,Fall,2024,1
366458,Norwegian University of Science and Technology,Social Robotics Programmer - Artificial Intelligence,Trondheim,1,Fall,2024,1
366460,Norwegian University of Science and Technology,Computational Linguist,Trondheim,1,Fall,2024,1
366472,ATS Corporation,Control Systems Software Designer,Cambridge,2,Fall,2024,1
366488,Mastercard Foundation,Network & Infrastructure Technology Analyst,Toronto,1,Fall,2024,1
366508,OMERS,"Student, Backend Developer",Toronto,1,Fall,2024,1
366515,OMERS,"Student, Full-Stack Developer",Toronto,2,Fall,2024,1
366518,SAP Canada Inc,SAP iXp Intern - Cloud Containerization Developer,Waterloo,1,Fall,2024,1
366552,Haven Interactive Studios ULC,Pipeline Programmer Intern,Montréal,1,Fall,2024,1
366558,Haven Interactive Studios ULC,Online Programmer,Montréal,1,Fall,2024,1
366572,Planway Poultry Inc,IT Analyst,Etobicoke,1,Fall,2024,1
366586,Mobile Data Technologies,Cloud Developer,Edmonton,2,Fall,2024,1
366595,Cyder Inc,Full Stack Engineering,Toronto,1,Fall,2024,1
366613,Wolf Advanced Technology,Jr. Software Developer,Stouffville,2,Fall,2024,1
366627,Intact Financial Corporation,DevOps Co-op,Toronto,1,Fall,2024,1
366637,SAP Canada Inc,SAP iXP Intern - Cloud Database Engine Developer,Waterloo,2,Fall,2024,1
366644,Scispot.io,QA Engineering,Kitchener,1,Fall,2024,1
366656,SAP Canada Inc,SAP iXp Intern - Cloud Database Infrastructure Developer,Waterloo,1,Fall,2024,1
366669,SAP Canada Inc,SAP iXP Intern - Back-End Cloud Services Developer,Waterloo,2,Fall,2024,1
366673,SAP Canada Inc,SAP iXP Intern - Full Stack Web and Cloud Developer,Waterloo,1,Fall,2024,1
366689,Curtiss-Wright Defense Solutions,Components Engineering Co-op,Kanata,1,Fall,2024,1
366693,Cambio AI Inc,Full Stack Engineering,Washington,1,Fall,2024,1
366696,Curtiss-Wright Defense Solutions,Software Developer,Kanata,1,Fall,2024,1
366708,Bend All Automotive Inc,Test & Validation Engineering,Ayr,2,Fall,2024,1
366714,Splunk Inc,Software Engineering (Backend/ Fullstack),San Jose,7,Fall,2024,1
366724,Rock FOC Technologies Canada ULC ,Software Developer,Windsor,1,Fall,2024,1
366732,Splunk Inc,Performance Engineering,San Jose,1,Fall,2024,1
366737,Questenterprise Inc,Full Stack Engineering Intern,Toronto,1,Fall,2024,1
366742,LavaReach Technologies Inc,Software Developer,Toronto,2,Fall,2024,1
366757,Federato Technologies Inc,Software Engineering Co-op,Menlo Park,3,Fall,2024,1
366760,Splunk Inc,Product Manager,San Jose,1,Fall,2024,1
366774,WealthyPlanet Financial Holdings Inc,Frontend Software Engineering,Burlington,1,Fall,2024,1
366776,WealthyPlanet Financial Holdings Inc,Backend Software Engineering,Burlington,2,Fall,2024,1
366777,WealthyPlanet Financial Holdings Inc,Machine Learning Engineering,Burlington,2,Fall,2024,1
366780,WealthyPlanet Financial Holdings Inc,User Experience (UX) Designer,Burlington,1,Fall,2024,1
366787,OANDA (Canada) Corporation ULC,Platform Engineering Intern,Toronto,1,Fall,2024,1
366789,Shanghai Yibian Education Technology Co Ltd,Coding Instructor,Shanghai,1,Fall,2024,1
366795,Ontario Ministry of Public and Business Service Delivery,I&IT Digital Assistant Co-Op,Toronto,3,Fall,2024,1
366814,enVgo Inc,Mechatronics Engineering Co-op,Waterloo,2,Fall,2024,1
366817,enVgo Inc,Robotics Software Developer,Waterloo,1,Fall,2024,1
366822,Ouster Inc,Software Developer,Ottawa,1,Fall,2024,1
366830,Tasty Selections Ltd,Quality Assurance Co-op,Concord,1,Fall,2024,1
366831,Acronym Software Inc,Programmer,Waterloo,1,Fall,2024,1
366834,Sun Life,Innovation Associate Software Engineering,Waterloo,1,Fall,2024,1
366839,Motorola Solutions Inc,Software Development Assistant,Concord,1,Fall,2024,1
366840,Sun Life,Solution Architect,Waterloo,1,Fall,2024,1
366855,Healthcare of Ontario Pension Plan,"Systems Developer, Risk Solution Co-op Student (4 or 8 months)",Toronto,1,Fall,2024,1
366857,Healthcare of Ontario Pension Plan,"Systems Developer (Data), Co-op Student",Toronto,1,Fall,2024,1
366861,Sun Life,DevOps Engineering,Waterloo,1,Fall,2024,1
366864,Plan Group,IT Service Desk Co-op,Concord,1,Fall,2024,1
366867,Healthcare of Ontario Pension Plan,Internal Audit (IT Audit) Co-op Student,Toronto,1,Fall,2024,1
366884,ecobee,"QA Engineering, Embedded",Toronto,3,Fall,2024,1
366895,ecobee,Android Developer,Toronto,1,Fall,2024,1
366900,ecobee,iOS Developer,Toronto,1,Fall,2024,1
366906,ecobee,Backend Developer,Toronto,2,Fall,2024,1
366907,Moody's,Actuarial Software (AXIS) Developer,North York,3,Fall,2024,1
366915,ecobee,Product Manager,Toronto,2,Fall,2024,1
366917,University of Waterloo,eLearning Developer Assistant,Waterloo,1,Fall,2024,1
366927,Miovision Technologies Incorporated,"Software QA, Co-op (Portable Data Collection)",Kitchener,1,Fall,2024,1
366941,Sun Life,Cloud Infrastructure Analyst,Waterloo,1,Fall,2024,1
366959,Baseten Labs Inc,Forward Deployed ML Engineering,San Francisco,1,Fall,2024,1
366963,Miovision Technologies Incorporated,"Software Development, Co-op (Road Safety)",Kitchener,1,Fall,2024,1
366980,Teamworks Innovations Inc,Technical Implementation & Support Specialist,Stouffville,2,Fall,2024,1
367001,Miovision Technologies Incorporated,"Software Development, Co-op (Platform)",Kitchener,1,Fall,2024,1
367004,Loblaw Companies Limited,DevOps Engineering Co-op,Toronto,1,Fall,2024,1
367013,Sun Life,"Student, Associate Software Engineering",Toronto,1,Fall,2024,1
367019,Miovision Technologies Incorporated,"Software Development, Co-op (Detection & Counts)",Kitchener,1,Fall,2024,1
367023,Bannockburn Developments Ltd,Software Developer,Wheatley,1,Fall,2024,1
367027,Marvell Technology Inc,RTL Design Engineering Intern,Richmond Hill,1,Fall,2024,1
367029,Miovision Technologies Incorporated,"Software Development, Co-op (Device Management)",Kitchener,1,Fall,2024,1
367031,Symphonic Inc,Research Lab Technician,Kitchener,1,Fall,2024,1
367032,Marvell Technology Inc,RTL Design Engineering Intern,Kanata,1,Fall,2024,1
367035,Marvell Technology Inc,Digital Design Verification Intern,Kanata,1,Fall,2024,1
367037,Miovision Technologies Incorporated,"Software Development, Co-op (Adaptive Traffic Control)",Kitchener,1,Fall,2024,1
367039,Miovision Technologies Incorporated,"Software Development, Co-op (Traffic Analytics)",Kitchener,1,Fall,2024,1
367041,Symphonic Inc,Software Engineering (Infra),Kitchener,1,Fall,2024,1
367042,GrandBridge Energy,ITS Solutions Administrator - Co-op,Brantford,1,Fall,2024,1
367058,Axonify Inc,Quality Assurance Analyst (Co-op),Waterloo,1,Fall,2024,1
367063,Symphonic Inc,Machine Learning Engineering,Kitchener,1,Fall,2024,1
367068,Symphonic Inc,Software Engineering (Platform),Kitchener,1,Fall,2024,1
367074,WSP,Building Systems Technology Co-op - Fall 2024,Ottawa,1,Fall,2024,1
367079,Sun Life,Software Developer,Waterloo,1,Fall,2024,1
367100,InfinityQ Technology Inc,Mathematical Algorithms and Machine Learning Developer,Montreal,1,Fall,2024,1
367104,Technische Universitaet Hamburg-Harburg,Research Assistant in the Field of computer vision and robotics in the domain of aircraft production,Hamburg,1,Fall,2024,1
367110,EXO Insights Corp Canada,Unity 3D and Python Programmer,Waterloo,2,Fall,2024,1
367113,NXP Semiconductors,IC Design Verification Intern,Ottawa,1,Fall,2024,1
367115,Northern Labs Inc,Software Developer (fullstack/venture studio),Toronto,2,Fall,2024,1
367146,Questenterprise Inc,Identity & Access Administrator Intern,Toronto,1,Fall,2024,1
367148,Questenterprise Inc,Business System Analyst Intern,Toronto,2,Fall,2024,1
367150,Manifold Technologies LLC,Quantitative Research Intern,,2,Fall,2024,1
367151,Manifold Technologies LLC,Software Engineering Intern,,2,Fall,2024,1
367164,Ontario Institute for Cancer Research,Software Developer Intern,Toronto,1,Fall,2024,1
367174,Spire Global Subsidiary Inc,"Machine Learning, Data Platform - Advanced Analytics co-op",Cambridge,1,Fall,2024,1
367177,Tangam Systems Inc,Software Developer,Waterloo,2,Fall,2024,1
367178,University of Toronto,Software developer,Toronto,5,Fall,2024,1
367184,Spire Global Subsidiary Inc,Software Engineering Assistant (co-op),Cambridge,1,Fall,2024,1
367185,Spire Global Subsidiary Inc,Junior AI Meteorologist Assistant (co-op),Cambridge,1,Fall,2024,1
367190,Spire Global Subsidiary Inc,Software Engineering Assistant (Strategic Projects co-op),Cambridge,1,Fall,2024,1
367201,Health Canada,Full Stack Developer,Ottawa,1,Fall,2024,1
367219,Transit Labs Inc,"Software Developer, Full Stack",Waterloo,2,Fall,2024,1
367222,Transit Labs Inc,"Software Developer, Test & Automation",Waterloo,1,Fall,2024,1
367228,HealthHub Patient Engagement Solutions,Software Developer Intern,Waterloo,1,Fall,2024,1
367247,STEMCELL Technologies,Co-op Positions in R&D,,1,Fall,2024,1
367248,Northern Digital Inc,Firmware Developer Intern,Waterloo,1,Fall,2024,1
367251,Environment and Climate Change Canada,Data Management Analyst,Gatineau,2,Fall,2024,1
367252,Faire,Back-end Engineering,Waterloo,8,Fall,2024,1
367269,Babylist Inc,Software Engineering Co-op,,2,Fall,2024,1
367272,Green Infrastructure Partners Inc.,Project Coordinator,Vaughan,1,Fall,2024,1
367287,Leo Berwick,Full-Stack Developer,Toronto,2,Fall,2024,1
367312,Health Canada,Radon Research Assistant,Ottawa,2,Fall,2024,1
367316,Sun Life,Associate Software Engineering,Toronto,1,Fall,2024,1
367317,Eon Media Corp,Full Stack React Engineering / Developer Co-op (8 month),Toronto,1,Fall,2024,1
367319,Eon Media Corp,Full Stack React Engineering / Developer Co-op (4 month),Toronto,2,Fall,2024,1
367328,Faire,Front-end Engineering,Waterloo,6,Fall,2024,1
367345,Haven Interactive Studios ULC,Build & Release Programmer,Montréal,1,Fall,2024,1
367347,Bank of America,Canada | Software Developer Equity Linked Technology (ELT) CO-OP| Fall 2024,Toronto,1,Fall,2024,1
367356,BotBuilt,Software Engineering,Durham,2,Fall,2024,1
367372,St Joseph's Healthcare Hamilton,Research Assistant,Hamilton,1,Fall,2024,1
367391,STEMCELL Technologies,Scientific Support,,1,Fall,2024,1
367399,STEMCELL Technologies,Protein Analytics,,1,Fall,2024,1
367402,Orion Health,Associate Implementation Consultant,Toronto,1,Fall,2024,1
367407,Geotab Inc,Software Developer Intern,Kitchener,18,Fall,2024,1
367414,Magnet Forensics Inc,Software Developer Co-op,Waterloo,1,Fall,2024,1
367416,CI Technologies Corporation,Fullstack Developer,Vancouver,1,Fall,2024,1
367424,City of Brampton,Service Development Technologist,Brampton,2,Fall,2024,1
367434,Cloudflare Inc,Software Engineering Intern,Austin,8,Fall,2024,1
367443,University of Waterloo,Undergraduate Research Fellowship,Waterloo,4,Fall,2024,1
367447,Department of National Defence,Scientific Research Assistant (Field Robotics),Medicine Hat,3,Fall,2024,1
367453,ISARA Corporation,Software Developer,Waterloo,1,Fall,2024,1
367460,Imperial,Business Support Student,Calgary,1,Fall,2024,1
367463,Magnet Forensics Inc,Software Developer Co-op,Waterloo,2,Fall,2024,1
367476,Replicant Inc,Systems Engineering - Security Team,San Francisco,1,Fall,2024,1
367481,ISARA Corporation,Test Automation Software Developer,Waterloo,1,Fall,2024,1
367489,Replicant Inc,Software Engineering - Platform,San Francisco,1,Fall,2024,1
367493,Hatch Ltd,Electrical Engineering Student,Mississauga,1,Fall,2024,1
367517,IESO (Independent Electricity System Operator),"Student, Information & Technology Services",Mississauga,1,Fall,2024,1
367518,IESO (Independent Electricity System Operator),"Student, Solutions Analyst",Mississauga,2,Fall,2024,1
367525,Sun Life,"Student, Site Reliability Analyst",Waterloo,2,Fall,2024,1
367535,Sun Life,"Student, Telephony Analyst (Fall 2024 & Winter 2025)",Waterloo,1,Fall,2024,1
367541,Scispot.io,Front-End Developer - Generative AI,Kitchener,1,Fall,2024,1
367556,University of Waterloo,CS 116 Instructional Support Assistant,Waterloo,1,Fall,2024,1
367558,GTS,Python Developer,Kitchener,1,Fall,2024,1
367562,University of Waterloo,CS 137 Instructional Support Assistant,Waterloo,1,Fall,2024,1
367573,GTS,C++ Developer,Kitchener,1,Fall,2024,1
367588,Mycro Harvest Inc,Machine Learning R & D Assistant,Kitchener,1,Fall,2024,1
367591,Mycro Harvest Inc,Data Science/Visualization Developer,Kitchener,1,Fall,2024,1
367595,Kardium,Research Engineering Co-op,Burnaby,1,Fall,2024,1
367597,Questenterprise Inc,Business System Analyst Intern,Toronto,1,Fall,2024,1
367608,University of Toronto,Research Assistant,Toronto,1,Fall,2024,1
367609,Level Home,Firmware Engineering,Redwood City,1,Fall,2024,1
367611,Level Home,Electrical Engineering,Redwood City,1,Fall,2024,1
367616,Loblaw Companies Limited,Data Engineering Co-op,Toronto,1,Fall,2024,1
367618,OwnersBox 3.0 Inc,Fantasy Sports Software Developer,Kitchener,1,Fall,2024,1
367628,OwnersBox 3.0 Inc,Fantasy Sports Software Developer,Kitchener,1,Fall,2024,1
367629,Kardium,Biomedical Systems Engineering Co-op,Burnaby,1,Fall,2024,1
367633,Permiso Security Inc,"Full-Stack or Backend Engineering, Co-Op",McLean,1,Fall,2024,1
367637,University Health Network,Software Developer Assistant,Toronto,1,Fall,2024,1
367639,Technische Universitaet Hamburg-Harburg,Research Assistant - Logistics Technologies (Offshore Wind Logistics),Hamburg,1,Fall,2024,1
367649,Boyce Thompson Institute,Research Assistant,Ithaca,1,Fall,2024,1
367650,Compass Digital Labs,Data Science Co-op,Mississauga,4,Fall,2024,1
367657,ETHGlobal Inc,Software Engineering Intern,Toronto,2,Fall,2024,1
367666,National Research Council Canada,Metrology Nanoscale- Laboratory Student,Ottawa,1,Fall,2024,1
367677,AdHawk Microsystems,Software Applications Developer,Waterloo,1,Fall,2024,1
367678,Nuvation Research Corporation,"Software Developer, Embedded C++ (NE)",Waterloo,2,Fall,2024,1
367682,Nuvation Research Corporation,Front-End Web Developer,Waterloo,1,Fall,2024,1
367684,Nuvation Research Corporation,"Software Developer, Python",Waterloo,1,Fall,2024,1
367697,StackAdapt,Software Engineering Intern,Toronto,10,Fall,2024,1
367718,Canadensys Aerospace Corporation,Software and Mechatronic Engineering,Bolton,1,Fall,2024,1
367728,Health Canada,Co-op Consumer Product Safety Engineering Student,Ottawa,1,Fall,2024,1
367763,Powerhouse Controls Limited,Control System Designer - Cambridge,Cambridge,1,Fall,2024,1
367769,Department of National Defence,Research Assistant,Toronto,1,Fall,2024,1
367779,TribalScale Inc,Agile Software Engineering,Toronto,1,Fall,2024,1
367780,Core Avionics & Industrial Inc,Embedded Software Developer,Waterloo,1,Fall,2024,1
367782,University of Waterloo,Quantum Outreach and Education Research Assistant,Waterloo,1,Fall,2024,1
367795,Cerebras Systems,Software Engineering Co-op - Debug,Toronto,1,Fall,2024,1
367798,TribalScale Inc,Agile Test Engineering Co-op,Toronto,1,Fall,2024,1
367800,TribalScale Inc,Product Designer,Toronto,1,Fall,2024,1
367802,Waabi Innovation Inc,Software Engineering Intern,Toronto,4,Fall,2024,1
367804,Waabi Innovation Inc,Research Internship,Toronto,4,Fall,2024,1
367805,Windsor-Detroit Bridge Authority,"Student Associate, Information Management",Windsor,1,Fall,2024,1
367807,Windsor-Detroit Bridge Authority,"Student Associate, Information Technology and Facilities",Windsor,1,Fall,2024,1
367819,ATS Corporation,Control Systems Software Designer,Cambridge,3,Fall,2024,1
367828,Core Avionics & Industrial Inc,Embedded AI & Compute Software Developer,Waterloo,1,Fall,2024,1
367834,Branch Furniture Inc,Web Developer Co-op,Toronto,1,Fall,2024,1
367836,Arctic Wolf Networks Inc,"Product Manager Co-op, Security Operations Data Infrastructure",Waterloo,1,Fall,2024,1
367857,Core Avionics & Industrial Inc,Systems & Support Administrator Co-op,Waterloo,1,Fall,2024,1
367862,Windsor-Detroit Bridge Authority,"Student Associate, Information Systems",Windsor,1,Fall,2024,1
367880,Plooto Inc,QA Test Engineering Intern,Toronto,2,Fall,2024,1
367910,Renoshare Inc,"AI Software Engineering, Full Stack",Toronto,1,Fall,2024,1
367918,Plooto Inc,Product Manager,Toronto,1,Fall,2024,1
367921,PINpoint Information Systems Inc,QA Automation Associate,Burlington,1,Fall,2024,1
367932,Assetsoft,Software Developer,Markham,2,Fall,2024,1
367945,Arctic Wolf Networks Inc,Technical Writer Co-op,Waterloo,1,Fall,2024,1
367946,Whova Inc,Software Engineering Intern (Infrastructure),San Diego,1,Fall,2024,1
367951,Great Circle Solar Management Corporation,Operations Analyst,Toronto,2,Fall,2024,1
367958,Ford Motor Company of Canada Limited,Test Automation Intern,Waterloo,2,Fall,2024,1
367960,RouteThis,Software Quality Assurance Engineering Co-op,Kitchener,1,Fall,2024,1
367961,Ford Motor Company of Canada Limited,Systems Software Intern,Kanata,3,Fall,2024,1
367963,Ford Motor Company of Canada Limited,Cloud Software Developer,Waterloo,2,Fall,2024,1
367984,Caribou Contests Inc,Full-Stack Programmer,Thorold,3,Fall,2024,1
367988,Ford Motor Company of Canada Limited,Software Developer Intern,Waterloo,3,Fall,2024,1
367999,Sun Life,"Developer, Digital Finance Transformation Co-op",Toronto,1,Fall,2024,1
368013,Ford Motor Company of Canada Limited,Software Application Developer,Kanata,2,Fall,2024,1
368014,Nissan Canada Inc,Vehicle Connected Services,Mississauga,1,Fall,2024,1
368016,Ford Motor Company of Canada Limited,Software Developer Intern - Projection,Waterloo,2,Fall,2024,1
368018,Ford Motor Company of Canada Limited,Platform Validation Intern,Kanata,1,Fall,2024,1
368023,Ford Motor Company of Canada Limited,Software Developer,Kanata,2,Fall,2024,1
368026,Ford Motor Company of Canada Limited,Manufacturing Software Development,Waterloo,2,Fall,2024,1
368027,Valence Labs,Software Engineering,Montreal,2,Fall,2024,1
368029,Ford Motor Company of Canada Limited,Firmware Development,Kanata,5,Fall,2024,1
368034,Ford Motor Company of Canada Limited,Software Development Intern,Waterloo,1,Fall,2024,1
368035,Kikoff Inc,Software Engineering,San Francisco,3,Fall,2024,1
368038,PINpoint Information Systems Inc,Software Developer,Burlington,2,Fall,2024,1
368047,The Empire Life Insurance Company,Software Developer,Kingston,3,Fall,2024,1
368048,Irradiant Technologies,Research Assistant,Waltham,2,Fall,2024,1
368055,Arista Networks Inc,Software Engineering (Platforms Team),Burnaby,2,Fall,2024,1
368059,Musashi Seimitsu Industry Co. Ltd,UX Design,Waterloo,1,Fall,2024,1
368063,Rediron Technologies,Software Engineering,London,1,Fall,2024,1
368069,Rediron Technologies,Software Engineering,London,2,Fall,2024,1
368074,MARTINREA  International Inc,Computer Science,Tillsonburg,1,Fall,2024,1
368083,Ford Motor Company of Canada Limited,Software Developer Intern,Waterloo,1,Fall,2024,1
368091,Ford Motor Company of Canada Limited,Media & USB Infotainment Developer,Waterloo,1,Fall,2024,1
368092,Faire,Android Engineering,Waterloo,1,Fall,2024,1
368094,Ford Motor Company of Canada Limited,"Software Performance, Stability, and Power Optimization",Kanata,3,Fall,2024,1
368095,Ford Motor Company of Canada Limited,Platform Software Developer Intern,Kanata,7,Fall,2024,1
368102, Guidepoint Global LLC,AI Engineering,,1,Fall,2024,1
368103,ARUP,Software Development Intern,Toronto,1,Fall,2024,1
368105,Faire,iOS Engineering,Waterloo,3,Fall,2024,1
368108,Ford Motor Company of Canada Limited,Software Development Intern,Kanata,3,Fall,2024,1
368115,Ford Motor Company of Canada Limited,Ford Pro Tech - Software Engineering Intern,Oakville,8,Fall,2024,1
368118,Environment and Climate Change Canada,Web Developer Support,Toronto,1,Fall,2024,1
368119,Ford Motor Company of Canada Limited,Ford Pro Technology - Exploratory Test Engineering Intern,Oakville,4,Fall,2024,1
368123,Faire,ML Platform Engineering,Waterloo,1,Fall,2024,1
368126,Ford Motor Company of Canada Limited,Platform Software Developer Intern,Kanata,2,Fall,2024,1
368139,Faire,Analytics Engineering,Waterloo,1,Fall,2024,1
368141,Hatch Ltd,"Data Analytics Student, Transit",Mississauga,1,Fall,2024,1
368142,Ford Motor Company of Canada Limited,Wi-Fi Software Testing,Oakville,2,Fall,2024,1
368143,Arctic Wolf Networks Inc,Software Developer - Autobots Team,Waterloo,1,Fall,2024,1
368147,Ford Motor Company of Canada Limited,Software Development Intern,Waterloo,1,Fall,2024,1
368151,Ford Motor Company of Canada Limited,Systems Software Performance and Stability,Oakville,1,Fall,2024,1
368153,Zoocasa,QA Automation Developer,Toronto,2,Fall,2024,1
368156,Ford Motor Company of Canada Limited,Android HMI Software Developer,Waterloo,1,Fall,2024,1
368157,Faire,Data Engineering,Waterloo,1,Fall,2024,1
368158,Arctic Wolf Networks Inc,Software Developer Co-op,Waterloo,2,Fall,2024,1
368159,Ford Motor Company of Canada Limited,Software Developer SYNC HMI (Web Based) Intern,Kanata,1,Fall,2024,1
368160,Toronto Transit Commission,Customer Services End User Device Technician Co-op,Toronto,4,Fall,2024,1
368161,Ford Motor Company of Canada Limited,Build System and Tools Software Development Intern,Waterloo,2,Fall,2024,1
368164,Ford Motor Company of Canada Limited,Wi-Fi Software Developer Intern,Oakville,1,Fall,2024,1
368165,Karlsruhe Institute of Technology,Research Assistant- AI-Based Methods for Identifying Resilient Supply Networks,Karlsruhe,1,Fall,2024,1
368166,Ford Motor Company of Canada Limited,Test Automation Intern,Waterloo,1,Fall,2024,1
368167,"Huawei Technologies Co., Ltd",Co-op Software Engineering - Window System,Markham,3,Fall,2024,1
368169,Ford Motor Company of Canada Limited,Embedded Software Development Intern,Kanata,1,Fall,2024,1
368173,Arctic Wolf Networks Inc,Software Developer Co-op - Destructicons,Waterloo,1,Fall,2024,1
368174,Ford Motor Company of Canada Limited,"In Test, Security Software Intern",Waterloo,1,Fall,2024,1
368176,Questenterprise Inc,QA Engineering Intern,Toronto,1,Fall,2024,1
368178,Toronto Transit Commission,Test Analyst Co-op,Toronto,1,Fall,2024,1
368182,Questenterprise Inc,DevOps Engineering Intern,Toronto,2,Fall,2024,1
368183,Deep Cove Cybersecurity Ltd,Cybersecurity Analyst Co-op,Toronto,2,Fall,2024,1
368185,Arctic Wolf Networks Inc,Software Developer Co-op - Calamarians Team,Waterloo,1,Fall,2024,1
368190,Super.com,Software Engineering Intern - Product (Full-Stack),Toronto,8,Fall,2024,1
368193,Questenterprise Inc,AI & Data Science Intern,Toronto,1,Fall,2024,1
368194,Ford Motor Company of Canada Limited,Software Developer - AI/ML,Waterloo,1,Fall,2024,1
368195,Marques Consulting Group,Junior Python Developer,Toronto,1,Fall,2024,1
368200,PepsiCo Inc,IT Robotics Process Automation Internship,Mississauga,1,Fall,2024,1
368201,Super.com,Software Engineering Intern - Infrastructure/Devops (Full-Stack),Toronto,2,Fall,2024,1
368203,"Huawei Technologies Co., Ltd",Co-op Researcher - Computer Network and Protocol,Markham,1,Fall,2024,1
368204,Gem Software Inc,Software Engineering Intern,San Francisco,3,Fall,2024,1
368206,Ford Motor Company of Canada Limited,System Integration Engineer,Kanata,1,Fall,2024,1
368207,Super.com,Software Engineering Intern - Internal Tools (Full-Stack) (Remote),Toronto,2,Fall,2024,1
368213,Super.com,Software Engineering Intern - Ops Tools,Toronto,1,Fall,2024,1
368215,Questenterprise Inc,Business System Analyst Intern,Toronto,1,Fall,2024,1
368223,PepsiCo Inc,IT Project Support and Analytics Co-op,Mississauga,1,Fall,2024,1
368224,"Huawei Technologies Co., Ltd",Co-op Software Engineering - Distributed Data Systems,Markham,2,Fall,2024,1
368226,Secoda Inc,Software Engineering,Toronto,3,Fall,2024,1
368227,Questenterprise Inc,Business System Analyst Intern,Toronto,1,Fall,2024,1
368229,Arctic Wolf Networks Inc,Co-op - Security Research Services Development,Waterloo,1,Fall,2024,1
368232,Super.com,Data Engineering Intern,Toronto,1,Fall,2024,1
368234,Questenterprise Inc,Business System Analyst Intern,Toronto,1,Fall,2024,1
368240,"Huawei Technologies Co., Ltd",Co-op Software Engineering - C++,Markham,3,Fall,2024,1
368249,Altis Labs,Quality Assurance Tester,Toronto,1,Fall,2024,1
368256,"Huawei Technologies Co., Ltd",Co-op Engineering - IC NPU Design and Verification,Kanata,1,Fall,2024,1
368261,CentML Inc,Software Development Intern,Toronto,2,Fall,2024,1
368269,Altis Labs,Software Engineering,Toronto,1,Fall,2024,1
368271,Altis Labs,Machine Learning Engineering,Toronto,1,Fall,2024,1
368274,Carta Maple Technologies Inc.,"Backend Software Engineering, Captable and Reporting Team",Kitchener,1,Fall,2024,1
368276,"Huawei Technologies Co., Ltd",Co-op Engineering - Human-Computer Interaction,Markham,5,Fall,2024,1
368278,CentML Inc,Machine Learning Systems Engineering Intern,Toronto,4,Fall,2024,1
368281,Arctic Wolf Networks Inc,Software Developer - Dinobots,Waterloo,1,Fall,2024,1
368282,IKO Industries Ltd,Engineering Co-Op,Madoc,2,Fall,2024,1
368288,Arctic Wolf Networks Inc,Developer Co-op - Risky Plumbers Team,Waterloo,1,Fall,2024,1
368291,Equitable Life of Canada,Investment Technology (Developer),Waterloo,1,Fall,2024,1
368293,Hamblin Watsa Investment Counsel Ltd (A Fairfax Company),Junior Software Engineering Assistant,Toronto,1,Fall,2024,1
368295,"Huawei Technologies Co., Ltd",Co-op Software Engineering - Distributed Database,Markham,4,Fall,2024,1
368296,IKO Industries Ltd,Lab Technician Co-op,Mississauga,2,Fall,2024,1
368302,Super.com,QA Analyst Intern (Remote),Toronto,1,Fall,2024,1
368303,Questenterprise Inc,Infrastructure & Cloud Operations Intern,Toronto,5,Fall,2024,1
368305,Arctic Wolf Networks Inc,Developer Co-op - Reflectors Team,Waterloo,1,Fall,2024,1
368307,Questenterprise Inc,Product Analyst Intern,Toronto,2,Fall,2024,1
368308,"Huawei Technologies Co., Ltd",Co-op Engineering - Compiler,Markham,8,Fall,2024,1
368312,Ford Motor Company of Canada Limited,VSP Test Automation Student,Kanata,1,Fall,2024,1
368316,Environment and Climate Change Canada,Junior IT Technician,Toronto,2,Fall,2024,1
368319,"Huawei Technologies Co., Ltd",Co-op Engineering- System Security,Waterloo,1,Fall,2024,1
368323,Questenterprise Inc,Web Engineering Intern,Toronto,1,Fall,2024,1
368327,Arctic Wolf Networks Inc,Developer Co-op - The Borg Team,Waterloo,1,Fall,2024,1
368332,Ford Motor Company of Canada Limited,Software Infrastructure Developer Student,Kanata,1,Fall,2024,1
368334,Irradiant Technologies,Research Scientist Computational Optics,Waltham,2,Fall,2024,1
368336,Sony Interactive Entertainment,Software Developer in Test Intern,Waterloo,2,Fall,2024,1
368341,RouteThis,Software Developer Co-op,Kitchener,1,Fall,2024,1
368345,Tensor Labs Inc,Software Engineering,Toronto,1,Fall,2024,1
368351,Cohere,Machine Learning Engineering Intern,Toronto,5,Fall,2024,1
368353,Cohere,Software Engineering Intern/Co-op,Toronto,5,Fall,2024,1
368358,Sony Interactive Entertainment,Software Developer Intern,Waterloo,2,Fall,2024,1
368365,Sony Interactive Entertainment,Software Engineering Intern,Waterloo,1,Fall,2024,1
368367,BTNX Inc,Full Stack Web Software Developer,Pickering,1,Fall,2024,1
368369,Storytellers.ai LLC,Software / Machine Learning Engineering Intern (AI/Data Science/Machine Learning/Web),,1,Fall,2024,1
368374,Sony Interactive Entertainment,"Software Developer Intern, Developer Productivity - Build & Tools",Waterloo,1,Fall,2024,1
368380,Carta Maple Technologies Inc.,Machine Learning Engineering,Kitchener,1,Fall,2024,1
368382,Carta Maple Technologies Inc.,"Backend Software Engineering, Governance Team",Kitchener,1,Fall,2024,1
368388,Carta Maple Technologies Inc.,"Front End Software Engineering, Alternative Assets Team",Kitchener,1,Fall,2024,1
368389,Sony Interactive Entertainment,Software Developer Intern - Infrastructure,Waterloo,1,Fall,2024,1
368390,Carta Maple Technologies Inc.,"Backend Software Engineering, Alternative Assets Team",Kitchener,1,Fall,2024,1
368396,Carta Maple Technologies Inc.,"Front End Software Engineering, Ink Team",Kitchener,1,Fall,2024,1
368397,Carta Maple Technologies Inc.,QA Automation Engineering,Kitchener,1,Fall,2024,1
368398,theScore Inc,"Software Developer, Casino Foundations",Toronto,1,Fall,2024,1
368402,Entuitive,Software Developer,Toronto,1,Fall,2024,1
368410,Nuvation Research Corporation,NPI Software Developer,Waterloo,1,Fall,2024,1
368419,"Huawei Technologies Co., Ltd",Co-op Assistant Researcher - Machine Learning,Markham,3,Fall,2024,1
368421,ARUP,Information Technology & Communications Consulting Intern,Toronto,1,Fall,2024,1
368423,"Huawei Technologies Co., Ltd",Co-op Engineering - Machine Learning,Waterloo,2,Fall,2024,1
368424,Replicant Inc,Full Stack Engineering - Machine Learning Team,San Francisco,3,Fall,2024,1
368425,"Huawei Technologies Co., Ltd",Co-op Software Engineering,Markham,2,Fall,2024,1
368428,Replicant Inc,Software Engineering - Self Service Team,San Francisco,1,Fall,2024,1
368430,"Huawei Technologies Co., Ltd",Co-op Engineering- System Security,Waterloo,1,Fall,2024,1
368431,Miltera Machining Research Corp,Software Developer,Cambridge,1,Fall,2024,1
368433,"Huawei Technologies Co., Ltd",Co-op Engineering - Machine Leaning LLM models,Waterloo,1,Fall,2024,1
368434,"Huawei Technologies Co., Ltd",Co-op Engineering - Web App,Waterloo,1,Fall,2024,1
368435,"Huawei Technologies Co., Ltd",Co-op Engineering - Data Center Network,Waterloo,2,Fall,2024,1
368442,The Corporation of the City of Guelph,IT Service Desk Support Co-op,Guelph,1,Fall,2024,1
368445,MDA,"Engineering Student, Software",Brampton,1,Fall,2024,1
368449,Arctic Wolf Networks Inc,Software Developer Co-op - Voyagers Team,Waterloo,1,Fall,2024,1
368451,Arctic Wolf Networks Inc,Security Developer - Precogs Cloud Team,Waterloo,1,Fall,2024,1
368453,2135060 Ontario Inc dba Oak Ridges Heart Clinic,Software Developer,Richmond Hill,1,Fall,2024,1
368454,Included Health Inc,Software Engineering Intern (Fall 2024),San Francisco,4,Fall,2024,1
368469,Karlsruhe Institute of Technology,Research Assistant - Optimization of a Real-Life Multi-Energy System Using Artificial Intelligence,Karlsruhe,1,Fall,2024,1
368473,Replicant Inc,Software Engineering - Developer Experience,San Francisco,1,Fall,2024,1
368475,Karlsruhe Institute of Technology,Research Assistant - Setup and Commissioning of a MMC for a Power Hardware in the Loop System,Karlsruhe,1,Fall,2024,1
368476,AdHawk Microsystems,Embedded Software Developer,Waterloo,1,Fall,2024,1
368477,Idea Notion Development Inc,Software Developer,Markham,2,Fall,2024,1
368482,SS&C Technologies Inc,Full Stack Developer,Toronto,9,Fall,2024,1
368484,Bank of Montreal,"Fall 2024 Capital Markets, Data & Reporting Analyst",Toronto,1,Fall,2024,1
368488,Ford Motor Company of Canada Limited,Analytics Middleware Developer,Waterloo,2,Fall,2024,1
368501,Bank of Montreal,"Fall 2024 Capital Markets, Data Analytics Strategy Analyst",Toronto,1,Fall,2024,1
368516,Bench IQ Inc,Software Engineering,Toronto,1,Fall,2024,1
368518,theScore Inc,"Front-End Developer, Wagering",Toronto,1,Fall,2024,1
368534,Titan Global Capital Management Inc,Software Engineering Intern,New York,1,Fall,2024,1
368537,theScore Inc,"Software Developer, Sports Core",Toronto,2,Fall,2024,1
368546,Sun Life,"Student, Software Delivery Analyst",Waterloo,1,Fall,2024,1
368551,AGF Investments Inc,Junior Technical Support Analyst,Toronto,1,Fall,2024,1
368565,AGF Investments Inc,Junior Web Developer,Toronto,1,Fall,2024,1
368569,German Aerospace Center (DLR),Co-Op Program: Software Engineering Intern Building up a scientific data base and improving web-based tools from scientists to scientists,Stuttgart,2,Fall,2024,1
368571,AGF Investments Inc,Junior Web Developer,Toronto,1,Fall,2024,1
368573,theScore Inc,Android Developer,Toronto,4,Fall,2024,1
368578,The Hospital for Sick Children,Robotics Research and Medical Device Assistant,Toronto,2,Fall,2024,1
368582,German Aerospace Center (DLR),Software Engineering Intern Development of an interactive Oracle APEX database to analyses historic and future vehicle concepts (including a web-application),Stuttgart,1,Fall,2024,1
368583,Ricoh Canada Inc,Software Developer Co-op,Kitchener,1,Fall,2024,1
368608,AdHawk Microsystems,Algorithms Software Developer,Waterloo,1,Fall,2024,1
368611,LotLinx Canada Ontario Inc,Software Developer,Hamilton,1,Fall,2024,1
368614,theScore Inc,iOS Developer,Toronto,4,Fall,2024,1
368622,Maplesoft,Quality Assurance Analyst,Waterloo,2,Fall,2024,1
368639,theScore Inc,"Software Developer, Promotions",Toronto,1,Fall,2024,1
368654,Healthcare of Ontario Pension Plan,"Business Analyst, Co-op Student",Toronto,1,Fall,2024,1
368658,theScore Inc,"Software Developer, Web Platform",Toronto,1,Fall,2024,1
368662,Healthcare of Ontario Pension Plan,"Cloud Engineering, Co-op Student",Toronto,1,Fall,2024,1
368663,Trexo Robotics,Robotics Software Developer Intern,Mississauga,1,Fall,2024,1
368669,CGI Group Inc,Fall 2024 NextGen Women in STEM Excel (WiSE) co-op program - Desktop Technician (8 Months),,1,Fall,2024,1
368671,theScore Inc,"Software Developer, Sports API",Toronto,1,Fall,2024,1
368674,theScore Inc,"Software Developer, Casino Engagement",Toronto,1,Fall,2024,1
368690,CGI Group Inc,Fall 2024 NextGen Women in STEM Excel (WiSE) co-op program - Automation Consultant (4 Months),Markham,1,Fall,2024,1
368697,CGI Group Inc,Fall 2024 NextGen Women in STEM Excel (WiSE) co-op program - Developer (4 Months),Markham,1,Fall,2024,1
368708,1851 Labs Inc,AI Product Engineering,Toronto,2,Fall,2024,1
368709,Burkett Statistical Consulting Ltd,Python Developer,Ottawa,1,Fall,2024,1
368710,Purolator Inc,Product Manager intern (Online Shipping),Mississauga,2,Fall,2024,1
368714,University of Toronto,Research Technician,Toronto,2,Fall,2024,1
368723,onsemi,System Validation Developer,Waterloo,3,Fall,2024,1
368729,onsemi,Wireless Firmware Developer,Waterloo,2,Fall,2024,1
368730,onsemi,Software Developer in Test,Waterloo,2,Fall,2024,1
368732,onsemi,Firmware Developer,Waterloo,2,Fall,2024,1
368735,onsemi,Audio Firmware Developer,Waterloo,1,Fall,2024,1
368739,onsemi,Signal Processing Algorithm Developer,Waterloo,1,Fall,2024,1
368747,Haven Interactive Studios ULC,UI Programmer Intern,Montréal,1,Fall,2024,1
368751,onsemi,Firmware Developer,Waterloo,2,Fall,2024,1
368758,Dayforce,Software Developer Intern 4 Months,North York,1,Fall,2024,1
368765,Sun Life,"Student, Cloud Analyst",Waterloo,1,Fall,2024,1
368766,D2L,Web Experience Coordinator,Kitchener,1,Fall,2024,1
368768,University of Waterloo,Research Assistant - WxL,Waterloo,2,Fall,2024,1
368770,GPTZero,Software Developer,Toronto,1,Fall,2024,1
368771,Dayforce,Software Developer Intern 8 Months,North York,1,Fall,2024,1
368783,theScore Inc,"Software Developer, Sports Data",Toronto,1,Fall,2024,1
368789,Accedo,iOS Developer,Toronto,1,Fall,2024,1
368795,GPTZero,Machine Learning Developer,Toronto,2,Fall,2024,1
368797,Accedo,Android Developer,Toronto,1,Fall,2024,1
368798,GPTZero,Software Developer,New York City,1,Fall,2024,1
368807,D2L,IT Infrastructure Support,Kitchener,2,Fall,2024,1
368819,Dayforce,Test Engineering Intern 8 Months,North York,1,Fall,2024,1
368822,Datacurve Inc.,Software Engineering Intern,San Francisco,1,Fall,2024,1
368827,AlertDriving,Software Engineering Assistant,North York,3,Fall,2024,1
368829,Sun Life,"Student, Network Analyst",Waterloo,2,Fall,2024,1
368833,Dayforce,Software Developer in Test Intern 8 Months,North York,1,Fall,2024,1
368837,Rocscience Inc,Software Developer,Toronto,2,Fall,2024,1
368848,HubHead Corp.,Software Developer,Markham,1,Fall,2024,1
368866,Dayforce,UI Engineering Intern 4 Months,North York,1,Fall,2024,1
368867,BCI,Investment Stakeholder Engagement Co-op,Victoria,1,Fall,2024,1
368872,theScore Inc,"Software Developer, Casino Standalone",Toronto,1,Fall,2024,1
368881,Plooto Inc,Software Development Engineering In Test (SDET),Toronto,1,Fall,2024,1
368883,theScore Inc,"Software Developer, Sportsbook Core",Toronto,1,Fall,2024,1
368889,theScore Inc,"Software Developer, Wagering",Toronto,1,Fall,2024,1
368892,Magi Inc.,AI Engineering,New York City,2,Fall,2024,1
368895,theScore Inc,"Software Developer, Payments",Toronto,1,Fall,2024,1
368897,Wealthsimple,"Intern, Software Developer",Toronto,1,Fall,2024,1
368898,Healthcare of Ontario Pension Plan,"Systems Developer, Communications, Co-op Student",Toronto,1,Fall,2024,1
368899,Dayforce,Mobile QA Intern 4 or 8 Months,North York,1,Fall,2024,1
368902,ANSYS Inc,Software Development Intern - QA Automation and Web Development,Canonsburg,1,Fall,2024,1
368903,Dayforce,QA Analyst Intern 8 Months,North York,1,Fall,2024,1
368908,Rocscience Inc,Software Developer - Quality Assurance,Toronto,1,Fall,2024,1
368909,Healthcare of Ontario Pension Plan,"Systems Developer, CRM, PMO Co-op Student",Toronto,1,Fall,2024,1
368915,Enerlife Consulting Incorporated,Energy Performance Engineering,Toronto,1,Fall,2024,1
368919,CGI Group Inc,Fall 2024 Women in STEM Excel (WiSE) co-op - Developer/Test Automation Consultant (8 Months),Markham,1,Fall,2024,1
368926,ATS Corporation,IT Client Support Technician,Cambridge,2,Fall,2024,1
368935,TD Bank Group,Global Markets - Automated Execution Group Intern/Co-op,Toronto,1,Fall,2024,1
368936,Healthcare of Ontario Pension Plan,"Systems Developer, Finance Core, Co-op Student",Toronto,1,Fall,2024,1
368937,Capital One,Fullstack Software Engineering - Team Sprout,Toronto,1,Fall,2024,1
368940,Magi Inc.,Backend Engineering,New York,2,Fall,2024,1
368943,Autodesk Inc,Remote User Experience (UX) Design Intern,Toronto,1,Fall,2024,1
368949,ANSYS Inc,Software Development Intern,Waterloo,2,Fall,2024,1
368950,Autodesk Inc,"Remote Mobile Engineering Intern (iOS, Android)",Toronto,1,Fall,2024,1
368953,Autodesk Inc,Remote Full Stack Software Engineering Intern,Toronto,1,Fall,2024,1
368955,AdHawk Microsystems,Test Automation Engineering,Waterloo,1,Fall,2024,1
368956,Healthcare of Ontario Pension Plan,"Systems Developer, Modern Workplace Co-op Student",Toronto,1,Fall,2024,1
368958,Autodesk Inc,Remote Backend (API) Engineering Intern,Toronto,1,Fall,2024,1
368960,Magi Inc.,Mobile App Developer,New York City,2,Fall,2024,1
368961,Capital One,Mobile Engineering - Team CA Warriors,Toronto,1,Fall,2024,1
368964,Healthcare of Ontario Pension Plan,"Systems Developer, PMO, Co-op Student",Toronto,1,Fall,2024,1
368967,Guelph Eye MD Clinic,Software Developer,Guelph,2,Fall,2024,1
368969,Capital One,Fullstack Engineering - Team Double Dare,Toronto,1,Fall,2024,1
368974,Capital One,Fullstack Engineering - Team Arcus,Toronto,1,Fall,2024,1
368980,Home Hardware Stores Limited,IT Store System - Software Developer Co-op,St. Jacobs,1,Fall,2024,1
368983,Magi Inc.,Software Engineering,New York,2,Fall,2024,1
368987,Interaptix Augmented Reality,Software QC/QA,Toronto,1,Fall,2024,1
368994,onsemi,Software Developer,Waterloo,2,Fall,2024,1
368999,Tangam Systems Inc,IT and Support Specialist,Waterloo,1,Fall,2024,1
369013,Ontario Ministry of Energy,Data Analyst,Toronto,1,Fall,2024,1
369018,Gambits,Co-op - Full Stack Web3 Application Developer,Stamford,1,Fall,2024,1
369033,BDO Canada LLP,"Co-op, DevOps Engineering",Oakville,1,Fall,2024,1
369034,Super.com,Software Engineering Intern - Product (Full-Stack),Toronto,8,Fall,2024,1
369035,eSentire Inc,Software Developer,Waterloo,1,Fall,2024,1
369039,theScore Inc,"Software Developer, Accounts",Toronto,1,Fall,2024,1
369042,Aversan Inc,Embedded Software Engineering Intern,Mississauga,1,Fall,2024,1
369045,BDO Canada LLP,"Co-op, Cloud Analyst",Toronto,1,Fall,2024,1
369047,Aversan Inc,Talent Acquisition Intern,Mississauga,1,Fall,2024,1
369049,Aversan Inc,Project Coordinator Intern,Mississauga,1,Fall,2024,1
369050,BDO Canada LLP,"Co-op, Cybersecurity",Toronto,1,Fall,2024,1
369065,Apple Inc,Engineering Program Management Co-op,,5,Fall,2024,1
369072,Apple Inc,Machine Learning and AI Co-op,,5,Fall,2024,1
369074,Apple Inc,Software Engineering Co-op,,5,Fall,2024,1
369080,Cresta Intelligence Inc,Full Stack Engineering Intern,Toronto,4,Fall,2024,1
369084,Cresta Intelligence Inc,Machine Learning Engineering Assistant,Toronto,2,Fall,2024,1
369085,Roo Veterinary Inc,Software Engineering Intern,San Francisco,4,Fall,2024,1
369087,Symmetry Commerce Inc,Associate Solution Architectural Assistant,Calgary,1,Fall,2024,1
369088,Sun Life,Data Engineering Co-op,Toronto,1,Fall,2024,1
369091,Sun Life,Data Engineering Co-op,Toronto,1,Fall,2024,1
369095,Clearpath Robotics Inc,Software Test Co-op,Kitchener,1,Fall,2024,1
369097,Clearpath Robotics Inc,Software Developer Co-op (OS Team),Kitchener,2,Fall,2024,1
369101,Clearpath Robotics Inc,Web UI Development Co-op,Kitchener,1,Fall,2024,1
369103,theScore Inc,"Software Developer, Notifications",Toronto,1,Fall,2024,1
369106,Zanbato Group LLC,Full-Stack Django React Engineering at a Silicon Valley Startup,Mountain View,1,Fall,2024,1
369107,University of Waterloo,SE 101,Waterloo,1,Fall,2024,1
369114,VN Instruments Ltd,R&D Associate,Brockville,1,Fall,2024,1
369120,Cresta Intelligence Inc,Junior Conversational AI Design Intern,Toronto,1,Fall,2024,1
369130,Archon Biosciences Inc,Engineering Research Associate,Seattle,1,Fall,2024,1
369132,Geonavo Positioning Systems Inc,Software Engineering Intern,Bedford,1,Fall,2024,1
369141,Arc'teryx Equipment,Quality Engineering Co-Op Student,North Vancouver,10,Fall,2024,1
369147,Arc'teryx Equipment,Footwear Development Intern,Portland,10,Fall,2024,1
369205,BDO Canada LLP,"Co-op, DevOps Engineering",Toronto,1,Fall,2024,1
369216,BDO Canada LLP,"Co-op, Cybersecurity",Toronto,1,Fall,2024,1
369220,Capital One,Fullstack Software Engineering - Team Aperion,Toronto,1,Fall,2024,1
369243,Northbridge (A Fairfax Company),Solution Delivery - IT Integration Software Developer Analyst,Toronto,1,Fall,2024,1
369254,Northbridge (A Fairfax Company),IT Solution Delivery Co-op DX Full Stack Developer,Toronto,1,Fall,2024,1
369282,Netint Technologies,Co-op Video Codec Engineering,,1,Fall,2024,1
369300,SAMSUNG,RF Engineering Co-op,Mississauga,1,Fall,2024,1
369319,Novocol Pharmaceutical of Canada Inc,Product Development Formulation Co-op,Cambridge,1,Fall,2024,1
369321,Novocol Pharmaceutical of Canada Inc,"IT Coop, Digital Workplace and IT Systems",Cambridge,1,Fall,2024,1
369324,MOLLI Surgical,R&D Engineering,Toronto,1,Fall,2024,1
369345,Stratum AI,Machine Learning Developer,Richmond Hill,1,Fall,2024,1
369346,Stratum AI,Frontend Developer,Richmond Hill,1,Fall,2024,1
369409,Definity Financial Corporation,IT Business Management Analyst,Waterloo,1,Fall,2024,1
369410,Thomson Reuters,Software Developer Intern,Toronto,3,Fall,2024,1
369411,Definity Financial Corporation,Business Intelligence Professional,Waterloo,1,Fall,2024,1
369414,Definity Financial Corporation,Cloud Engineering,Waterloo,1,Fall,2024,1
369420,Definity Financial Corporation,IT Asset Management Coordinator,Waterloo,1,Fall,2024,1
369423,Definity Financial Corporation,"ServiceNow, Technical Writer",Waterloo,1,Fall,2024,1
369428,Triumf,Various Opportunities @ Triumf,Vancouver,1,Fall,2024,1
369434,Ontario Ministry of the Attorney General,System Support Officer (SSO),Toronto,4,Fall,2024,1
369448,Acceldata Inc,Software Engineering Co-op,Kitchener,1,Fall,2024,1
369489,appficiency,Software Developer Co-op,Mississauga,1,Fall,2024,1
369532,Composer Technologies Inc,Frontend Engineering,Toronto,1,Fall,2024,1
369533,Composer Technologies Inc,Software Engineering - iOS,Toronto,2,Fall,2024,1
369537,Versa Networks Inc,Cloud Security Engineering,,1,Fall,2024,1
369538,Composer Technologies Inc,Backend Engineering,Toronto,1,Fall,2024,1
369556,Pulsenics,Firmware Developer Intern,Toronto,2,Fall,2024,1
369557,Census,Software Engineering,,2,Fall,2024,1
369559,Pulsenics,Power Electronics Intern,Toronto,2,Fall,2024,1
369560,Pulsenics,Test & Verification Engineering Intern,Toronto,2,Fall,2024,1
369575,Lumentum,Optical Algorithms and Analytics Engineer,Ottawa,1,Fall,2024,1
369599,Atomic Semi Inc,Embedded Software Engineering Intern,San Francisco,1,Fall,2024,1
369617,FIS,Business Application Developer,Jacksonville,1,Fall,2024,1
369631,Versa Networks Inc,UI Developer - Analytics Team,,1,Fall,2024,1
369641,Versa Networks Inc,Java Back-end Engineering,,2,Fall,2024,1
369643,Tuq,Junior Developer,Waterloo,2,Fall,2024,1
369654,Versa Networks Inc,UI Developer - Data Team,,1,Fall,2024,1
369678,Voiceflow Inc,ML Backend Engineering,Toronto,1,Fall,2024,1
369684,Voiceflow Inc,"Developer, Component Library",Toronto,1,Fall,2024,1
369717,Department of National Defence,Research/Engineering Assistant,Toronto,1,Fall,2024,1
369799,Microchip Technology Inc,FPGA (HLS) - Software Engineering,Toronto,1,Fall,2024,1
369802,Forcen,Robotics Sensing - Firmware Developer,Toronto,1,Fall,2024,1
369807,Microchip Technology Inc,FPGA (RTL) - Software Engineering,Toronto,1,Fall,2024,1
369813,Microchip Technology Inc,FPGA (PFS)- Software Engineering,Toronto,1,Fall,2024,1
369814,Microchip Technology Inc,FPGA (SD)- Software Engineering,Toronto,1,Fall,2024,1
369897,Ontario Lottery & Gaming Corporation,"Digital Analyst, Co-op Student",North York,1,Fall,2024,1
370059,Lumentum,LCoS R&D Student,Ottawa,1,Fall,2024,1
370139,National Research Council Canada,Co-op Student (Y.W),Ottawa,1,Fall,2024,1
370154,University of Waterloo,Full Stack Web Developer,Waterloo,1,Fall,2024,1
370308,Kortex Enterprises LLC,Software Engineering Intern,Toronto,2,Fall,2024,1
370496,National Research Council Canada,Coop Student (J.K),,1,Fall,2024,1
